{
  "data": [
    {
      "alias":"var00",
      "name_en":"AVoltage",
      "name_ch":"A相电压",
      "data_type":"short",
      "byte_seq":"BE",
      "scale":"0.1",
      "unit":"V",
      "width":"90"
    },
    {
      "alias":"var01",
      "name_en":"BVoltage",
      "name_ch":"B相电压",
      "data_type":"short",
      "byte_seq":"BE",
      "scale":"0.1",
      "unit":"V",
      "width":"90"
    },
    {
      "alias":"var02",
      "name_en":"CVoltage",
      "name_ch":"C相电压",
      "data_type":"short",
      "byte_seq":"BE",
      "scale":"0.1",
      "unit":"V",
      "width":"90"
    },
    {
      "alias":"var03",
      "name_en":"ACurrent",
      "name_ch":"A相电流",
      "data_type":"short",
      "byte_seq":"BE",
      "scale":"0.1",
      "unit":"A",
      "width":"90"
    },
    {
      "alias":"var04",
      "name_en":"BCurrent",
      "name_ch":"B相电流",
      "data_type":"short",
      "byte_seq":"BE",
      "scale":"0.1",
      "unit":"A",
      "width":"90"
    },
    {
      "alias":"var05",
      "name_en":"CCurrent",
      "name_ch":"C相电流",
      "data_type":"short",
      "byte_seq":"BE",
      "scale":"0.1",
      "unit":"A",
      "width":"90"
    },
    {
      "alias":"var06",
      "name_en":"Power",
      "name_ch":"视在功率",
      "data_type":"short",
      "byte_seq":"BE",
      "scale":"1",
      "unit":"KW",
      "width":"110"
    },
    {
      "alias":"var07",
      "name_en":"TotalActivePower",
      "name_ch":"总有功功率",
      "data_type":"short",
      "byte_seq":"BE",
      "scale":"1",
      "unit":"KW",
      "width":"110"
    },
    {
      "alias":"var08",
      "name_en":"TotalReactivePower",
      "name_ch":"总无功功率",
      "data_type":"short",
      "byte_seq":"BE",
      "scale":"1",
      "unit":"KW",
      "width":"110"
    },
    {
      "alias":"var09",
      "name_en":"PowerFactor",
      "name_ch":"功率因素",
      "data_type":"short",
      "byte_seq":"BE",
      "scale":"0.01",
      "unit":"",
      "width":"110"
    },
    {
      "alias":"var10",
      "name_en":"Frequency",
      "name_ch":"频率",
      "data_type":"short",
      "byte_seq":"BE",
      "scale":"0.01",
      "unit":"Hz",
      "width":"110"
    }
  ]
}