{
  "data": [
    {
      "id": "var00",
      "name": "A相电压"
    },
    {
      "id": "var01",
      "name": "B相电压"
    },
    {
      "id": "var02",
      "name": "C相电压"
    },
    {
      "id": "var03",
      "name": "A相电流"
    },
    {
      "id": "var04",
      "name": "B相电流"
    },
    {
      "id": "var05",
      "name": "C相电流"
    },
    {
      "id": "var06",
      "name": "视载功率"
    },
    {
      "id": "var07",
      "name": "总有功功率"
    },
    {
      "id": "var08",
      "name": "总无功功率"
    },
    {
      "id": "var09",
      "name": "功率因素"
    },
    {
      "id": "var10",
      "name": "频率"
    }
  ]
}