{
    "data": [
		{
			"label": "西南节点",				// 1.节点名称
			"children": [
				{
                    "label": "金叶大厦",		// 2. 物业名字
                    "children": [				// 3. 配电室列表
						{
                            "label": "配电室（001）"
                        },
                        {
                            "label": "配电室（002）"
                        }
                    ]
                },
                {
                    "label": "管城花园",
                    "children": [
						{
                            "label": "配电室（001）"
                        },
                        {
                            "label": "水电房（002）"
                        }
                    ]
                }
            ]
        },
        {
            "lable": "西北节点",
            "children": [{
                    "label": "T大厦",
                    "children": [{
                            "label": "配电室（001）"
                        },
                        {
                            "label": "配电室（002）"
                        }
                    ]
                },
                {
                    "label": "R花园",
                    "children": [{
                            "label": "配电室（001）"
                        },
                        {
                            "label": "水电房（002）"
                        }
                    ]
                }
            ]
        }
    ]
}